Tag,Question,Answer
Right to Equality,I wanted to know: can i be treated differently because of my caste,"No, the Constitution strictly prohibits discrimination based on caste. Everyone must be treated equally under the law regardless of their background."
Fundamental Rights,What are my basic rights as an Indian citizen?? I’m confused.,"In India, your basic rights include equality before law, freedom of speech, freedom of religion, protection from exploitation, and the right to constitutional remedies if your rights are violated."
Fundamental Rights,What are my basic rights as an Indian citizen? please explain.,"In India, your basic rights include equality before law, freedom of speech, freedom of religion, protection from exploitation, and the right to constitutional remedies if your rights are violated."
Freedom of Speech,Am I allowed to criticize the government publicly? please explain.,"Yes, you absolutely can. Freedom of speech allows you to express your views, including criticizing the government, as long as it doesn't incite violence or spread hate."
Fundamental Rights,what are my basic rights as an indian citizen? — what does that mean exactly,"In India, your basic rights include equality before law, freedom of speech, freedom of religion, protection from exploitation, and the right to constitutional remedies if your rights are violated."
Fundamental Rights,Could you explain this — what are my basic rights as an indian citizen,"In India, your basic rights include equality before law, freedom of speech, freedom of religion, protection from exploitation, and the right to constitutional remedies if your rights are violated."
Directive Principles,What are Directive Principles and why should I care?? I’m confused.,"They are guidelines for the government to build a better society. While you can't go to court for them, they help shape laws for welfare, equality, and justice."
Freedom of Speech,Am I allowed to criticize the government publicly? (in simple terms),"Yes, you absolutely can. Freedom of speech allows you to express your views, including criticizing the government, as long as it doesn't incite violence or spread hate."
Right to Equality,Can I be treated differently because of my caste? (in simple terms),"No, the Constitution strictly prohibits discrimination based on caste. Everyone must be treated equally under the law regardless of their background."
Right to Equality,can i be treated differently because of my caste? — what does that mean exactly,"No, the Constitution strictly prohibits discrimination based on caste. Everyone must be treated equally under the law regardless of their background."
Emergency Provisions,Can the government take away my rights during emergency,"Some rights can be temporarily suspended during a national emergency, but your rights under Articles 20 and 21 — like protection from punishment without trial — always stay active."
Directive Principles,How does Indian law define: what are directive principles and why should i care,"They are guidelines for the government to build a better society. While you can't go to court for them, they help shape laws for welfare, equality, and justice."
Directive Principles,I wanted to know: what are directive principles and why should i care,"They are guidelines for the government to build a better society. While you can't go to court for them, they help shape laws for welfare, equality, and justice."
Right to Equality,Can I be treated differently because of my caste?? I’m confused.,"No, the Constitution strictly prohibits discrimination based on caste. Everyone must be treated equally under the law regardless of their background."
Right to Equality,Could you explain this — can i be treated differently because of my caste,"No, the Constitution strictly prohibits discrimination based on caste. Everyone must be treated equally under the law regardless of their background."
Right to Privacy,Can someone record my private conversation without permission,"No, that would violate your Right to Privacy. Your personal space, data, and conversations are protected unless there's a legal reason to interfere."
Emergency Provisions,Can the government take away my rights during emergency?? I’m confused.,"Some rights can be temporarily suspended during a national emergency, but your rights under Articles 20 and 21 — like protection from punishment without trial — always stay active."
Right to Constitutional Remedies,What if someone violates my rights? (in simple terms),You can directly approach the Supreme Court or High Court. This is called the Right to Constitutional Remedies and it's your tool to protect your rights.
Fundamental Duties,What responsibilities do I have as a citizen of India,"You're expected to follow the Constitution, respect national symbols, protect public property, and promote unity. These aren't punishable by law, but they’re important to be a responsible citizen."
Directive Principles,What are Directive Principles and why should I care? (in simple terms),"They are guidelines for the government to build a better society. While you can't go to court for them, they help shape laws for welfare, equality, and justice."
Right to Equality,Can about caste,"No, the Constitution strictly prohibits discrimination based on caste. Everyone must be treated equally under the law regardless of their background."
Fundamental Rights,What about citizen,"In India, your basic rights include equality before law, freedom of speech, freedom of religion, protection from exploitation, and the right to constitutional remedies if your rights are violated."
Right to Life,Does about health,"Yes. The Right to Life includes not just living, but living with dignity. That means access to health, shelter, and safety is your right."
Right to Privacy,I wanted to know: can someone record my private conversation without permission,"No, that would violate your Right to Privacy. Your personal space, data, and conversations are protected unless there's a legal reason to interfere."
Fundamental Duties,what responsibilities do i have as a citizen of india? — what does that mean exactly,"You're expected to follow the Constitution, respect national symbols, protect public property, and promote unity. These aren't punishable by law, but they’re important to be a responsible citizen."
Right to Education,Can you help me understand is free education a right for all children in india,"Yes, every child between the ages of 6 and 14 has the right to free and compulsory education in India under Article 21A."
Emergency Provisions,Can the government take away my rights during emergency? please explain.,"Some rights can be temporarily suspended during a national emergency, but your rights under Articles 20 and 21 — like protection from punishment without trial — always stay active."
Right to Life,does the government have to protect my life and health? — what does that mean exactly,"Yes. The Right to Life includes not just living, but living with dignity. That means access to health, shelter, and safety is your right."
Directive Principles,What are Directive Principles and why should I care,"They are guidelines for the government to build a better society. While you can't go to court for them, they help shape laws for welfare, equality, and justice."
Right to Privacy,Can someone record my private conversation without permission?? I’m confused.,"No, that would violate your Right to Privacy. Your personal space, data, and conversations are protected unless there's a legal reason to interfere."
Directive Principles,Can you help me understand what are directive principles and why should i care,"They are guidelines for the government to build a better society. While you can't go to court for them, they help shape laws for welfare, equality, and justice."
Right to Constitutional Remedies,What if someone violates my rights? please explain.,You can directly approach the Supreme Court or High Court. This is called the Right to Constitutional Remedies and it's your tool to protect your rights.
Fundamental Duties,What about India,"You're expected to follow the Constitution, respect national symbols, protect public property, and promote unity. These aren't punishable by law, but they’re important to be a responsible citizen."
Right to Education,I wanted to know: is free education a right for all children in india,"Yes, every child between the ages of 6 and 14 has the right to free and compulsory education in India under Article 21A."
Freedom of Speech,How does Indian law define: am i allowed to criticize the government publicly,"Yes, you absolutely can. Freedom of speech allows you to express your views, including criticizing the government, as long as it doesn't incite violence or spread hate."
Right to Constitutional Remedies,What about rights,You can directly approach the Supreme Court or High Court. This is called the Right to Constitutional Remedies and it's your tool to protect your rights.
Fundamental Duties,Can you help me understand what responsibilities do i have as a citizen of india,"You're expected to follow the Constitution, respect national symbols, protect public property, and promote unity. These aren't punishable by law, but they’re important to be a responsible citizen."
Emergency Provisions,"In India, can the government take away my rights during emergency","Some rights can be temporarily suspended during a national emergency, but your rights under Articles 20 and 21 — like protection from punishment without trial — always stay active."
Right to Constitutional Remedies,Could you explain this — what if someone violates my rights,You can directly approach the Supreme Court or High Court. This is called the Right to Constitutional Remedies and it's your tool to protect your rights.
Freedom of Speech,"In India, am i allowed to criticize the government publicly","Yes, you absolutely can. Freedom of speech allows you to express your views, including criticizing the government, as long as it doesn't incite violence or spread hate."
Right to Education,is free education a right for all children in india? — what does that mean exactly,"Yes, every child between the ages of 6 and 14 has the right to free and compulsory education in India under Article 21A."
Right to Life,I wanted to know: does the government have to protect my life and health,"Yes. The Right to Life includes not just living, but living with dignity. That means access to health, shelter, and safety is your right."
Directive Principles,What about care,"They are guidelines for the government to build a better society. While you can't go to court for them, they help shape laws for welfare, equality, and justice."
Fundamental Rights,What are my basic rights as an Indian citizen? (in simple terms),"In India, your basic rights include equality before law, freedom of speech, freedom of religion, protection from exploitation, and the right to constitutional remedies if your rights are violated."
Freedom of Speech,Am about publicly,"Yes, you absolutely can. Freedom of speech allows you to express your views, including criticizing the government, as long as it doesn't incite violence or spread hate."
Emergency Provisions,can the government take away my rights during emergency? — what does that mean exactly,"Some rights can be temporarily suspended during a national emergency, but your rights under Articles 20 and 21 — like protection from punishment without trial — always stay active."
Right to Constitutional Remedies,what if someone violates my rights? — what does that mean exactly,You can directly approach the Supreme Court or High Court. This is called the Right to Constitutional Remedies and it's your tool to protect your rights.
Right to Privacy,Can about permission,"No, that would violate your Right to Privacy. Your personal space, data, and conversations are protected unless there's a legal reason to interfere."
Emergency Provisions,I wanted to know: can the government take away my rights during emergency,"Some rights can be temporarily suspended during a national emergency, but your rights under Articles 20 and 21 — like protection from punishment without trial — always stay active."
Right to Constitutional Remedies,What if someone violates my rights?? I’m confused.,You can directly approach the Supreme Court or High Court. This is called the Right to Constitutional Remedies and it's your tool to protect your rights.
Freedom of Speech,Can you help me understand am i allowed to criticize the government publicly,"Yes, you absolutely can. Freedom of speech allows you to express your views, including criticizing the government, as long as it doesn't incite violence or spread hate."
Right to Equality,Can I be treated differently because of my caste? please explain.,"No, the Constitution strictly prohibits discrimination based on caste. Everyone must be treated equally under the law regardless of their background."
Fundamental Duties,"In India, what responsibilities do i have as a citizen of india","You're expected to follow the Constitution, respect national symbols, protect public property, and promote unity. These aren't punishable by law, but they’re important to be a responsible citizen."
Right to Education,Could you explain this — is free education a right for all children in india,"Yes, every child between the ages of 6 and 14 has the right to free and compulsory education in India under Article 21A."
Right to Equality,Can you help me understand can i be treated differently because of my caste,"No, the Constitution strictly prohibits discrimination based on caste. Everyone must be treated equally under the law regardless of their background."
Right to Constitutional Remedies,What if someone violates my rights,You can directly approach the Supreme Court or High Court. This is called the Right to Constitutional Remedies and it's your tool to protect your rights.
Right to Life,How does Indian law define: does the government have to protect my life and health,"Yes. The Right to Life includes not just living, but living with dignity. That means access to health, shelter, and safety is your right."
Right to Constitutional Remedies,How does Indian law define: what if someone violates my rights,You can directly approach the Supreme Court or High Court. This is called the Right to Constitutional Remedies and it's your tool to protect your rights.
Fundamental Duties,What responsibilities do I have as a citizen of India? (in simple terms),"You're expected to follow the Constitution, respect national symbols, protect public property, and promote unity. These aren't punishable by law, but they’re important to be a responsible citizen."
Right to Education,How does Indian law define: is free education a right for all children in india,"Yes, every child between the ages of 6 and 14 has the right to free and compulsory education in India under Article 21A."
Directive Principles,what are directive principles and why should i care? — what does that mean exactly,"They are guidelines for the government to build a better society. While you can't go to court for them, they help shape laws for welfare, equality, and justice."
Right to Equality,How does Indian law define: can i be treated differently because of my caste,"No, the Constitution strictly prohibits discrimination based on caste. Everyone must be treated equally under the law regardless of their background."
Right to Constitutional Remedies,"In India, what if someone violates my rights",You can directly approach the Supreme Court or High Court. This is called the Right to Constitutional Remedies and it's your tool to protect your rights.
Freedom of Speech,Could you explain this — am i allowed to criticize the government publicly,"Yes, you absolutely can. Freedom of speech allows you to express your views, including criticizing the government, as long as it doesn't incite violence or spread hate."
Right to Constitutional Remedies,Can you help me understand what if someone violates my rights,You can directly approach the Supreme Court or High Court. This is called the Right to Constitutional Remedies and it's your tool to protect your rights.
Freedom of Speech,Am I allowed to criticize the government publicly,"Yes, you absolutely can. Freedom of speech allows you to express your views, including criticizing the government, as long as it doesn't incite violence or spread hate."
Right to Life,Does the government have to protect my life and health? (in simple terms),"Yes. The Right to Life includes not just living, but living with dignity. That means access to health, shelter, and safety is your right."
Fundamental Duties,How does Indian law define: what responsibilities do i have as a citizen of india,"You're expected to follow the Constitution, respect national symbols, protect public property, and promote unity. These aren't punishable by law, but they’re important to be a responsible citizen."
Freedom of Speech,Am I allowed to criticize the government publicly?? I’m confused.,"Yes, you absolutely can. Freedom of speech allows you to express your views, including criticizing the government, as long as it doesn't incite violence or spread hate."
Right to Education,Is free education a right for all children in India? (in simple terms),"Yes, every child between the ages of 6 and 14 has the right to free and compulsory education in India under Article 21A."
Right to Privacy,"In India, can someone record my private conversation without permission","No, that would violate your Right to Privacy. Your personal space, data, and conversations are protected unless there's a legal reason to interfere."
Right to Life,Does the government have to protect my life and health? please explain.,"Yes. The Right to Life includes not just living, but living with dignity. That means access to health, shelter, and safety is your right."
Fundamental Rights,How does Indian law define: what are my basic rights as an indian citizen,"In India, your basic rights include equality before law, freedom of speech, freedom of religion, protection from exploitation, and the right to constitutional remedies if your rights are violated."
Right to Privacy,Can someone record my private conversation without permission? (in simple terms),"No, that would violate your Right to Privacy. Your personal space, data, and conversations are protected unless there's a legal reason to interfere."
Fundamental Duties,Could you explain this — what responsibilities do i have as a citizen of india,"You're expected to follow the Constitution, respect national symbols, protect public property, and promote unity. These aren't punishable by law, but they’re important to be a responsible citizen."
Directive Principles,"In India, what are directive principles and why should i care","They are guidelines for the government to build a better society. While you can't go to court for them, they help shape laws for welfare, equality, and justice."
Emergency Provisions,Can about emergency,"Some rights can be temporarily suspended during a national emergency, but your rights under Articles 20 and 21 — like protection from punishment without trial — always stay active."
Right to Education,Is free education a right for all children in India?? I’m confused.,"Yes, every child between the ages of 6 and 14 has the right to free and compulsory education in India under Article 21A."
Right to Privacy,Can you help me understand can someone record my private conversation without permission,"No, that would violate your Right to Privacy. Your personal space, data, and conversations are protected unless there's a legal reason to interfere."
Right to Education,Is about India,"Yes, every child between the ages of 6 and 14 has the right to free and compulsory education in India under Article 21A."
Right to Life,"In India, does the government have to protect my life and health","Yes. The Right to Life includes not just living, but living with dignity. That means access to health, shelter, and safety is your right."
Right to Life,Can you help me understand does the government have to protect my life and health,"Yes. The Right to Life includes not just living, but living with dignity. That means access to health, shelter, and safety is your right."
Emergency Provisions,How does Indian law define: can the government take away my rights during emergency,"Some rights can be temporarily suspended during a national emergency, but your rights under Articles 20 and 21 — like protection from punishment without trial — always stay active."
Directive Principles,Could you explain this — what are directive principles and why should i care,"They are guidelines for the government to build a better society. While you can't go to court for them, they help shape laws for welfare, equality, and justice."
Right to Constitutional Remedies,I wanted to know: what if someone violates my rights,You can directly approach the Supreme Court or High Court. This is called the Right to Constitutional Remedies and it's your tool to protect your rights.
Freedom of Speech,am i allowed to criticize the government publicly? — what does that mean exactly,"Yes, you absolutely can. Freedom of speech allows you to express your views, including criticizing the government, as long as it doesn't incite violence or spread hate."
Right to Equality,"In India, can i be treated differently because of my caste","No, the Constitution strictly prohibits discrimination based on caste. Everyone must be treated equally under the law regardless of their background."
Fundamental Duties,What responsibilities do I have as a citizen of India?? I’m confused.,"You're expected to follow the Constitution, respect national symbols, protect public property, and promote unity. These aren't punishable by law, but they’re important to be a responsible citizen."
Right to Privacy,Could you explain this — can someone record my private conversation without permission,"No, that would violate your Right to Privacy. Your personal space, data, and conversations are protected unless there's a legal reason to interfere."
Right to Equality,Can I be treated differently because of my caste,"No, the Constitution strictly prohibits discrimination based on caste. Everyone must be treated equally under the law regardless of their background."
Right to Privacy,Can someone record my private conversation without permission? please explain.,"No, that would violate your Right to Privacy. Your personal space, data, and conversations are protected unless there's a legal reason to interfere."
Right to Life,Does the government have to protect my life and health?? I’m confused.,"Yes. The Right to Life includes not just living, but living with dignity. That means access to health, shelter, and safety is your right."
Fundamental Duties,I wanted to know: what responsibilities do i have as a citizen of india,"You're expected to follow the Constitution, respect national symbols, protect public property, and promote unity. These aren't punishable by law, but they’re important to be a responsible citizen."
Right to Life,Could you explain this — does the government have to protect my life and health,"Yes. The Right to Life includes not just living, but living with dignity. That means access to health, shelter, and safety is your right."
Fundamental Rights,What are my basic rights as an Indian citizen,"In India, your basic rights include equality before law, freedom of speech, freedom of religion, protection from exploitation, and the right to constitutional remedies if your rights are violated."
Emergency Provisions,Can you help me understand can the government take away my rights during emergency,"Some rights can be temporarily suspended during a national emergency, but your rights under Articles 20 and 21 — like protection from punishment without trial — always stay active."
Right to Education,"In India, is free education a right for all children in india","Yes, every child between the ages of 6 and 14 has the right to free and compulsory education in India under Article 21A."
Right to Life,Does the government have to protect my life and health,"Yes. The Right to Life includes not just living, but living with dignity. That means access to health, shelter, and safety is your right."
Right to Education,Is free education a right for all children in India? please explain.,"Yes, every child between the ages of 6 and 14 has the right to free and compulsory education in India under Article 21A."
Emergency Provisions,Could you explain this — can the government take away my rights during emergency,"Some rights can be temporarily suspended during a national emergency, but your rights under Articles 20 and 21 — like protection from punishment without trial — always stay active."
Fundamental Rights,I wanted to know: what are my basic rights as an indian citizen,"In India, your basic rights include equality before law, freedom of speech, freedom of religion, protection from exploitation, and the right to constitutional remedies if your rights are violated."
Fundamental Rights,Can you help me understand what are my basic rights as an indian citizen,"In India, your basic rights include equality before law, freedom of speech, freedom of religion, protection from exploitation, and the right to constitutional remedies if your rights are violated."
Freedom of Speech,I wanted to know: am i allowed to criticize the government publicly,"Yes, you absolutely can. Freedom of speech allows you to express your views, including criticizing the government, as long as it doesn't incite violence or spread hate."
Right to Education,Is free education a right for all children in India,"Yes, every child between the ages of 6 and 14 has the right to free and compulsory education in India under Article 21A."
Right to Privacy,How does Indian law define: can someone record my private conversation without permission,"No, that would violate your Right to Privacy. Your personal space, data, and conversations are protected unless there's a legal reason to interfere."
Fundamental Duties,What responsibilities do I have as a citizen of India? please explain.,"You're expected to follow the Constitution, respect national symbols, protect public property, and promote unity. These aren't punishable by law, but they’re important to be a responsible citizen."
Emergency Provisions,Can the government take away my rights during emergency? (in simple terms),"Some rights can be temporarily suspended during a national emergency, but your rights under Articles 20 and 21 — like protection from punishment without trial — always stay active."
Fundamental Rights,"In India, what are my basic rights as an indian citizen","In India, your basic rights include equality before law, freedom of speech, freedom of religion, protection from exploitation, and the right to constitutional remedies if your rights are violated."
Right to Privacy,can someone record my private conversation without permission? — what does that mean exactly,"No, that would violate your Right to Privacy. Your personal space, data, and conversations are protected unless there's a legal reason to interfere."
Directive Principles,What are Directive Principles and why should I care? please explain.,"They are guidelines for the government to build a better society. While you can't go to court for them, they help shape laws for welfare, equality, and justice."
